Index,Real.Estate,Home.Financing,Home.Inspections...Appraisal,Home.Insurance,Property.Management,Real.Estate.Agencies,Rental.Listings...Referrals,Auto.Financing,Auto.Insurance,Automotive,Hybrid...Alternative.Vehicles,Off.Road...Recreational.Vehicles,Vehicle.Licensing...Registration,Vehicle.Shopping,Jobs.,"Welfare & Unemployment"
2004/01/04,0,0,0,0,0,0,0,0,0,0,0,0,0,0,0,0
2004/01/11,1,7,3,2,1,0,1,6,-1,-1,-11,-1,-4,0,3,-9
2004/01/18,2,10,3,7,-1,2,-2,9,-2,-1,-11,5,-9,2,-2,-7
2004/01/25,1,7,4,7,-3,-1,-5,1,-7,-6,-16,3,-7,-3,-3,-9
2004/02/01,-4,1,0,-3,1,-5,-6,-1,-4,-8,-11,-1,-13,-6,-3,-14
2004/02/08,-2,3,4,7,-9,-2,-6,-1,-9,-8,-16,4,-13,-3,-8,-14
2004/02/15,0,4,6,3,-4,0,-2,11,-8,-1,5,11,-9,2,-8,-14
2004/02/22,2,9,11,10,1,2,-2,11,-7,-4,0,6,-9,2,-6,-18
2004/02/29,5,10,15,2,7,2,-1,4,-3,-3,16,4,-1,2,-3,-11
2004/03/07,6,22,13,5,-3,11,-5,11,-10,2,26,4,-7,6,-11,-23
2004/03/14,7,26,7,9,1,6,-2,16,-4,1,16,0,-6,3,-9,-18
2004/03/21,6,16,1,5,-8,13,1,10,-13,4,21,14,-11,10,-15,-30
2004/03/28,10,17,15,17,11,12,2,10,-7,3,53,8,-5,5,-3,-18
2004/04/04,10,16,14,16,3,7,1,19,-7,4,58,6,-5,3,-6,-18
2004/04/11,9,14,6,16,17,8,1,14,1,-1,42,1,-7,8,2,-16
2004/04/18,9,14,10,17,4,10,2,14,-4,6,58,6,-7,8,-3,-23
2004/04/25,11,12,15,14,7,10,4,19,-4,3,47,1,-7,10,-3,-20
2004/05/02,2,10,11,14,7,5,0,7,-8,1,53,-4,-7,3,-5,-23
2004/05/09,6,7,10,16,11,7,0,13,-3,1,79,-5,-4,6,-5,-25
2004/05/16,6,6,11,26,11,8,2,20,2,9,116,0,-2,10,-6,-25
2004/05/23,11,3,17,22,12,7,7,26,2,10,84,6,5,13,-5,-25
2004/05/30,9,0,10,21,13,11,14,16,2,10,74,13,8,13,-8,-18
2004/06/06,9,6,11,16,12,13,10,11,2,7,32,4,6,6,-3,-16
2004/06/13,13,6,21,31,13,12,9,19,6,8,16,9,13,11,-5,-11
2004/06/20,12,7,19,29,17,16,14,27,2,8,11,13,13,13,-6,-16
2004/06/27,11,7,17,19,17,11,15,27,4,8,11,14,18,13,-8,-16
2004/07/04,15,6,19,31,13,14,20,26,3,10,0,23,16,13,-5,-16
2004/07/11,21,10,24,31,19,18,22,29,8,11,0,16,15,17,-6,-11
2004/07/18,13,9,21,22,23,16,17,30,4,11,-5,16,11,16,-5,-16
2004/07/25,13,7,21,26,24,16,15,34,9,9,-5,15,18,14,-6,-14
2004/08/01,11,3,21,28,15,14,11,21,8,9,0,15,15,11,-8,-14
2004/08/08,9,7,21,36,15,12,7,23,8,8,0,9,12,11,-9,-18
2004/08/15,7,3,18,57,8,7,1,23,12,1,-11,11,12,11,-9,-18
2004/08/22,4,1,19,38,11,7,-4,31,9,6,5,11,12,13,-8,-16
2004/08/29,1,-4,15,50,11,0,-7,19,4,2,-5,5,8,3,-12,-20
2004/09/05,-4,-9,6,47,-1,-1,-12,16,0,0,-5,11,-1,0,-12,-25
2004/09/12,-4,-6,8,43,3,-4,-12,21,-2,-1,-5,27,-2,2,-11,-18
2004/09/19,-6,-4,7,26,1,-5,-15,16,-4,-1,5,6,-5,2,-9,-20
2004/09/26,-6,-6,8,26,3,-6,-16,20,-6,-2,11,5,-4,3,-11,-18
2004/10/03,-9,-9,10,17,8,-8,-15,9,-4,-6,16,-1,-7,-5,-9,-18
2004/10/10,-9,-13,6,7,1,-1,-20,6,-13,-7,21,1,-13,-2,-12,-23
2004/10/17,-12,-12,19,12,-1,-11,-23,9,-9,-8,26,-6,-16,-5,-12,-20
2004/10/24,-12,-10,28,5,-4,-13,-22,1,-11,-12,16,-10,-20,-10,-12,-25
2004/10/31,-15,-13,25,0,-9,-16,-23,3,-18,-13,0,-13,-19,-10,-17,-23
2004/11/07,-15,-16,-1,-7,-15,-13,-21,-1,-21,-9,16,-9,-26,-5,-20,-30
2004/11/14,-13,-13,7,12,-4,-14,-17,7,-13,-10,11,-13,-18,-5,-14,-23
2004/11/21,-21,-26,-8,-12,-23,-20,-28,7,-27,-7,11,-8,-21,-6,-29,-36
2004/11/28,-18,-17,1,-3,-8,-19,-22,7,-17,-13,21,-14,-21,-11,-17,-23
2004/12/05,-21,-23,0,-14,-12,-24,-25,-1,-19,-14,0,-15,-25,-16,-21,-27
2004/12/12,-18,-20,0,-7,-12,-16,-26,3,-1,-9,-11,-10,-22,-13,-27,-27
2004/12/19,-26,-28,-3,-7,-20,-28,-27,0,-24,-8,-16,-6,-20,-10,-35,-32
2004/12/26,-9,-13,11,0,-13,-6,-10,24,-9,-2,-11,-1,-6,10,-30,-18
2005/01/02,4,-4,13,7,4,0,4,13,-3,-9,-11,-3,-11,-2,-6,-11
2005/01/09,6,0,15,16,4,4,4,9,-3,-3,5,4,-12,-2,-3,-16
2005/01/16,2,0,13,14,-5,-1,1,14,-8,-4,-11,3,-15,6,-9,-16
2005/01/23,4,-1,14,3,1,1,-1,6,-9,-7,0,5,-15,-3,-8,-16
2005/01/30,4,6,21,5,3,-1,0,6,-10,-7,-11,5,-13,-2,-6,-7
2005/02/06,1,3,18,5,-4,1,-2,1,-16,-7,-5,1,-19,-3,-12,-16
2005/02/13,5,6,19,7,0,5,-2,14,-13,-6,-5,8,-16,0,-12,-18
2005/02/20,5,0,25,5,-3,7,1,11,-12,-6,0,5,-16,2,-11,-23
2005/02/27,10,6,25,3,5,2,1,10,-11,-8,5,8,-12,-2,-14,-14
2005/03/06,7,6,21,2,1,5,4,13,-12,-3,32,5,-12,3,-12,-20
2005/03/13,6,4,24,14,-1,7,2,17,-10,-1,47,3,-12,3,-12,-20
2005/03/20,11,9,25,14,3,12,4,19,-9,1,63,3,-9,10,-14,-25
2005/03/27,11,4,28,3,5,13,6,16,-12,0,68,10,-8,10,-12,-20
2005/04/03,6,3,22,7,0,11,4,10,-15,-1,84,0,-12,8,-15,-30
2005/04/10,12,12,31,10,7,12,4,16,-11,2,84,-3,-9,6,-5,-18
2005/04/17,11,3,26,12,3,13,1,17,-12,0,58,0,-12,3,-11,-25
2005/04/24,9,1,26,17,4,11,4,13,-12,-2,74,-3,-11,3,-12,-20
2005/05/01,7,-1,22,7,5,10,2,7,-12,-3,47,-6,-11,-3,-14,-25
2005/05/08,7,1,25,16,7,13,5,14,-8,-1,42,-6,-7,3,-11,-25
2005/05/15,13,4,33,21,11,18,7,20,-8,1,42,0,-4,10,-6,-25
2005/05/22,11,6,26,19,5,14,7,17,-8,1,16,3,1,10,-12,-27
2005/05/29,16,7,25,14,7,18,14,24,-8,0,16,15,0,8,-14,-25
2005/06/05,18,13,32,28,16,18,15,21,-6,3,0,6,6,13,-9,-23
2005/06/12,18,13,31,28,12,18,12,34,-6,4,5,4,4,11,-9,-18
2005/06/19,18,12,36,31,20,18,14,33,-3,6,11,11,8,17,-11,-16
2005/06/26,22,13,39,36,17,19,21,39,2,9,16,14,15,21,-12,-16
2005/07/03,17,4,31,24,9,17,16,29,-7,3,11,13,6,16,-15,-20
2005/07/10,21,9,29,34,20,18,20,30,0,4,37,5,6,17,-12,-18
2005/07/17,17,9,31,29,20,16,11,43,0,9,37,1,9,17,-12,-18
2005/07/24,17,10,32,28,17,17,14,34,-3,8,37,4,8,25,-15,-18
2005/07/31,18,12,35,24,19,17,11,27,-1,4,37,4,12,14,-14,-18
2005/08/07,16,13,29,26,19,18,6,29,-1,6,84,4,8,21,-14,-20
2005/08/14,16,6,35,26,13,14,4,36,1,6,211,0,7,24,-14,-20
2005/08/21,10,1,24,22,5,14,0,27,-4,3,137,0,4,24,-15,-20
2005/08/28,-1,-7,14,72,8,-2,-9,19,-9,0,226,-14,0,14,-18,-23
2005/09/04,-6,-12,13,62,3,-4,-11,11,-11,1,147,-8,-6,10,-18,-18
2005/09/11,-4,-7,17,52,5,-2,-10,11,-11,-7,84,-10,-9,2,-12,-18
2005/09/18,-6,-10,14,41,0,-2,-16,10,-16,-6,68,-11,-12,-5,-12,-27
2005/09/25,-5,-6,17,34,4,-2,-15,4,-13,-9,84,-10,-11,-5,-14,-20
2005/10/02,-5,-10,19,22,4,-2,-17,4,-15,-8,63,-13,-13,-8,-15,-23
2005/10/09,-6,-9,14,22,-1,-5,-16,4,-20,-10,58,-9,-18,-8,-17,-20
2005/10/16,-7,-9,19,16,-3,-7,-19,7,-17,-12,32,-11,-15,-11,-17,-23
2005/10/23,-10,-14,13,22,0,-12,-19,1,-19,-12,32,-11,-18,-8,-17,-23
2005/10/30,-9,-13,18,21,4,-10,-16,-1,-19,-14,21,-16,-18,-14,-15,-18
2005/11/06,-9,-13,15,17,-5,-8,-16,1,-22,-13,16,-15,-21,-11,-21,-25
2005/11/13,-15,-17,8,10,-4,-14,-20,1,-20,-13,16,-16,-21,-13,-23,-23
2005/11/20,-22,-30,-7,-16,-24,-24,-20,-4,-33,-11,5,-13,-26,-11,-38,-39
2005/11/27,-18,-23,10,2,-8,-22,-16,1,-20,-18,5,-16,-20,-19,-24,-25
2005/12/04,-23,-29,4,-5,-15,-27,-22,-7,-28,-19,-11,-16,-29,-21,-30,-30
2005/12/11,-24,-28,0,-10,-16,-28,-27,-6,-26,-19,-16,-14,-29,-22,-32,-32
2005/12/18,-28,-32,1,-17,-19,-29,-30,1,-26,-14,-16,-13,-25,-14,-39,-34
2005/12/25,-11,-19,7,-3,-16,-12,-10,23,-18,-9,-16,-9,-8,2,-36,-16
2006/01/01,0,-10,8,5,-5,-4,1,4,-11,-14,-5,-8,-13,-10,-17,-11
2006/01/08,4,-7,15,5,-1,1,4,9,-11,-7,11,-9,-12,-8,-11,-14
2006/01/15,4,-9,11,3,-4,0,0,9,-15,-10,0,-9,-18,-6,-15,-16
2006/01/22,1,-3,19,0,-3,5,0,7,-16,-10,5,-9,-16,-3,-12,-18
2006/01/29,5,-4,21,3,1,6,-1,6,-15,-12,16,-8,-14,-8,-15,-18
2006/02/05,2,-7,18,-2,-4,2,-4,4,-17,-11,26,-9,-19,-6,-17,-23
2006/02/12,0,-12,14,0,-7,-2,-7,6,-16,-14,5,-5,-22,-11,-17,-27
2006/02/19,6,-7,25,5,-4,5,2,11,-16,-10,16,-1,-19,-2,-17,-27
2006/02/26,7,-3,24,9,3,6,1,11,-15,-10,11,-4,-15,-3,-14,-23
2006/03/05,6,-7,24,5,-1,7,4,10,-16,-10,5,-1,-15,-5,-17,-25
2006/03/12,9,-1,19,9,0,10,0,14,-13,-6,0,-3,-15,-2,-18,-27
2006/03/19,11,-1,24,7,0,13,4,19,-15,-8,16,-4,-16,0,-14,-25
2006/03/26,10,0,28,3,4,14,5,23,-12,-6,21,0,-9,0,-17,-25
2006/04/02,11,-1,22,12,4,13,4,11,-15,-8,26,-4,-14,-2,-14,-25
2006/04/09,11,0,26,10,-1,10,4,17,-16,0,58,-3,-9,3,-15,-25
2006/04/16,11,0,24,17,0,13,7,21,-11,1,89,-4,-14,11,-11,-25
2006/04/23,11,-4,18,14,5,12,4,21,-13,-3,168,-5,-12,11,-12,-27
2006/04/30,7,-6,17,14,7,13,4,17,-13,-3,126,-5,-13,5,-14,-27
2006/05/07,10,-4,15,21,7,10,5,14,-13,-2,84,-9,-12,6,-14,-27
2006/05/14,6,-9,15,22,4,7,5,23,-12,-4,68,-6,-11,5,-11,-27
2006/05/21,9,-7,17,19,7,12,9,23,-13,0,68,-1,-8,6,-15,-27
2006/05/28,10,-9,15,22,11,12,14,24,-9,0,47,10,-2,8,-15,-25
2006/06/04,9,-6,17,26,9,12,12,16,-12,-3,42,-1,-5,2,-15,-25
2006/06/11,11,-6,22,26,7,12,12,24,-7,-1,32,0,0,5,-14,-23
2006/06/18,16,-4,19,28,11,16,15,24,-8,1,32,0,1,10,-12,-20
2006/06/25,16,-4,18,34,13,17,20,30,-4,-1,163,5,6,11,-15,-16
2006/07/02,16,-7,13,22,0,18,20,31,-7,3,79,9,2,16,-20,-18
2006/07/09,18,0,24,36,13,20,21,33,0,1,74,8,7,13,-14,-18
2006/07/16,20,-1,24,29,12,18,17,34,-2,3,95,6,5,19,-14,-18
2006/07/23,18,-1,21,36,15,18,17,33,-3,4,89,4,5,21,-14,-18
2006/07/30,12,-6,22,33,16,17,16,33,-3,2,79,4,6,16,-15,-18
2006/08/06,15,-1,18,29,15,16,10,29,-2,2,79,3,2,17,-15,-18
2006/08/13,11,-1,26,36,12,17,6,37,0,1,58,11,2,19,-12,-18
2006/08/20,11,-6,25,29,12,14,2,30,-6,0,47,3,-1,14,-15,-18
2006/08/27,2,-7,17,24,9,5,-4,24,-8,-1,42,-1,-1,11,-17,-23
2006/09/03,-1,-16,8,9,-4,1,-7,14,-16,-8,21,1,-13,2,-18,-23
2006/09/10,-5,-13,17,17,0,-2,-12,17,-10,-11,37,-3,-13,-2,-14,-23
2006/09/17,-4,-14,11,12,0,0,-11,13,-10,-9,26,-6,-14,-3,-12,-23
2006/09/24,-2,-12,11,14,3,0,-14,16,-11,-11,26,-6,-14,-2,-15,-20
2006/10/01,-5,-12,14,9,1,-1,-14,10,-13,-13,5,-6,-14,-8,-15,-20
2006/10/08,-6,-17,10,14,-3,-6,-15,11,-17,-13,5,-5,-18,-8,-17,-23
2006/10/15,-10,-13,15,10,-1,-5,-16,13,-12,-14,5,-4,-20,-8,-17,-18
2006/10/22,-9,-17,17,9,-5,-5,-17,13,-16,-17,0,-10,-19,-8,-18,-25
2006/10/29,-7,-17,21,3,-1,-6,-17,7,-15,-16,0,-14,-19,-10,-18,-20
2006/11/05,-15,-20,24,5,-7,-12,-20,3,-19,-18,-11,-16,-24,-13,-20,-25
2006/11/12,-12,-17,13,2,-11,-12,-20,10,-19,-19,0,-13,-25,-13,-20,-20
2006/11/19,-23,-35,-7,-19,-29,-20,-28,3,-31,-18,0,-14,-28,-13,-36,-32
2006/11/26,-17,-20,8,3,-11,-17,-20,7,-21,-18,16,-14,-24,-14,-23,-20
2006/12/03,-18,-20,8,0,-12,-16,-26,4,-21,-18,5,-18,-28,-16,-27,-23
2006/12/10,-21,-25,7,-3,-9,-22,-28,4,-22,-20,-5,-22,-31,-17,-27,-25
2006/12/17,-22,-30,0,-5,-16,-23,-28,7,-26,-20,-11,-19,-26,-16,-36,-30
2006/12/24,-12,-23,-1,-7,-21,-14,-10,30,-21,-11,0,-13,-16,2,-38,-18
2006/12/31,2,-10,10,9,-7,5,1,14,-11,-14,0,-9,-13,-6,-18,-5
2007/01/07,4,-1,14,16,0,11,9,11,-9,-13,68,-11,-18,-5,-8,-5
2007/01/14,5,-4,14,12,-4,8,4,17,-11,-16,26,-6,-19,-8,-12,-11
2007/01/21,7,1,21,22,3,8,6,17,-11,-13,37,-3,-16,0,-9,-7
2007/01/28,5,0,25,21,0,7,2,17,-11,-14,32,-4,-19,-2,-15,-11
2007/02/04,1,-6,19,16,-4,5,0,13,-12,-14,58,-5,-21,-3,-14,-14
2007/02/11,2,-9,11,12,-7,0,-4,16,-15,-14,37,0,-20,-5,-21,-20
2007/02/18,7,-4,21,12,-3,8,1,19,-11,-9,37,8,-19,2,-17,-20
2007/02/25,6,1,21,16,0,10,2,21,-10,-11,42,6,-19,0,-15,-18
2007/03/04,10,3,22,10,-1,10,7,14,-6,-11,42,8,-15,3,-17,-18
2007/03/11,12,16,19,7,-3,12,2,24,-10,-7,42,0,-15,5,-18,-18
2007/03/18,10,4,22,7,0,16,4,24,-10,-9,53,0,-19,3,-14,-18
2007/03/25,12,6,31,16,5,17,10,26,-10,-6,47,1,-13,5,-15,-18
2007/04/01,10,1,21,17,3,10,10,29,-13,-4,63,1,-13,2,-18,-20
2007/04/08,10,7,26,19,3,12,7,20,-12,-7,74,5,-16,5,-14,-16
2007/04/15,7,-1,17,16,16,12,4,21,-13,-9,63,0,-20,2,-14,-20
2007/04/22,10,-1,17,19,28,16,5,27,-10,-3,68,-1,-15,3,-14,-20
2007/04/29,10,-6,19,21,33,11,9,26,-8,-4,79,-1,-13,3,-14,-20
2007/05/06,9,-6,17,21,25,12,9,21,-13,-7,95,-6,-16,5,-14,-25
2007/05/13,9,-7,18,22,21,12,10,29,-8,0,142,0,-9,11,-14,-25
2007/05/20,9,-12,15,21,17,8,11,24,-10,0,174,1,-11,8,-17,-25
2007/05/27,13,-9,14,17,21,12,14,30,-9,-1,116,6,-8,11,-17,-23
2007/06/03,10,1,21,22,24,11,19,24,-9,-2,100,3,-5,5,-14,-18
2007/06/10,12,0,24,17,21,11,12,27,-7,-3,74,5,-2,6,-12,-18
2007/06/17,12,-1,21,22,21,14,17,33,-9,-1,74,10,-1,11,-11,-18
2007/06/24,12,-6,21,19,27,13,17,33,-8,-2,47,6,1,6,-14,-16
2007/07/01,12,-10,10,14,19,14,19,30,-11,-1,58,11,0,10,-17,-16
2007/07/08,16,4,22,24,21,16,20,31,-7,0,63,11,1,10,-12,-14
2007/07/15,17,1,18,22,20,16,20,36,-7,-3,58,9,0,11,-17,-16
2007/07/22,16,0,17,19,16,11,17,37,-10,-2,53,8,0,10,-15,-18
2007/07/29,13,7,13,17,21,6,15,31,-9,-4,37,3,-1,8,-17,-16
2007/08/05,11,6,13,21,12,4,7,23,-11,-6,47,-3,-4,0,-15,-18
2007/08/12,7,9,11,19,9,1,5,30,-7,-6,32,0,-8,5,-20,-18
2007/08/19,2,3,15,14,5,0,1,26,-8,-6,26,0,-8,2,-15,-18
2007/08/26,1,-7,11,10,9,-6,-1,26,-10,-7,21,-4,-8,5,-17,-18
2007/09/02,-5,-17,1,0,4,-7,-9,20,-17,-9,32,-5,-16,-3,-21,-23
2007/09/09,-10,-14,7,3,3,-12,-14,19,-16,-12,37,-5,-18,-10,-14,-23
2007/09/16,-9,-6,4,2,0,-13,-16,21,-17,-11,37,-10,-21,-5,-15,-23
2007/09/23,-7,-16,3,0,1,-14,-11,20,-16,-11,37,-8,-18,-5,-15,-23
2007/09/30,-11,-20,1,0,3,-16,-11,14,-15,-11,26,-10,-19,-11,-14,-18
2007/10/07,-12,-22,0,-7,-4,-18,-15,9,-18,-17,26,-10,-24,-11,-18,-18
2007/10/14,-12,-20,0,-2,-3,-18,-15,13,-18,-16,37,-10,-26,-8,-15,-16
2007/10/21,-15,-23,-4,5,-7,-20,-19,6,-19,-14,37,-14,-28,-14,-15,-25
2007/10/28,-15,-19,6,-7,-4,-20,-14,6,-22,-18,58,-14,-26,-13,-20,-20
2007/11/04,-12,-20,0,-5,-5,-22,-15,7,-22,-14,111,-18,-27,-11,-15,-20
2007/11/11,-16,-19,1,-5,-8,-22,-19,6,-22,-17,132,-15,-27,-11,-17,-23
2007/11/18,-30,-35,-19,-24,-24,-33,-30,1,-34,-17,121,-13,-34,-13,-24,-23
2007/11/25,-17,-20,3,-10,-7,-25,-21,9,-26,-17,95,-16,-27,-14,-5,-5
2007/12/02,-23,-22,-3,-16,-9,-35,-25,3,-27,-22,79,-15,-34,-21,-11,-7
2007/12/09,-26,-23,-3,-19,-15,-34,-25,3,-29,-20,47,-15,-35,-22,-27,-25
2007/12/16,-29,-36,-6,-17,-13,-35,-27,4,-29,-20,42,-10,-32,-21,-29,-25
2007/12/23,-24,-35,-14,-19,-23,-28,-16,17,-31,-13,47,-4,-27,-10,-41,-23
2007/12/30,-9,-19,-4,-10,-11,-17,5,21,-20,-17,47,3,-19,-6,-23,-9
2008/01/06,0,-6,4,-2,3,-7,9,13,-16,-16,100,-6,-19,-8,-8,-2
2008/01/13,-1,1,4,2,1,-12,7,19,-12,-12,105,-5,-24,-6,-9,-5
2008/01/20,9,41,7,-3,-4,-10,2,21,-20,-13,121,-4,-27,-6,-8,-9
2008/01/27,10,45,15,-2,-1,-6,0,17,-18,-17,95,-8,-25,-10,-11,-5
2008/02/03,0,10,8,0,-3,-11,-2,10,-20,-16,95,-6,-26,-11,-11,-14
2008/02/10,0,4,7,-3,-5,-12,-2,16,-22,-14,79,-1,-29,-6,-17,-16
2008/02/17,-1,0,11,5,-7,-8,1,23,-17,-11,74,0,-26,-2,-14,-16
2008/02/24,1,-1,17,2,-1,-7,2,23,-19,-11,89,0,-22,-2,-12,-14
2008/03/02,1,0,14,-2,-1,-7,1,17,-19,-12,111,-3,-21,-2,-12,-16
2008/03/09,2,1,7,-3,-5,-8,1,20,-20,-8,153,-5,-20,2,-12,-16
2008/03/16,6,29,13,-3,-4,-7,4,27,-20,-10,147,-6,-21,0,-15,-14
2008/03/23,7,6,17,-3,3,-2,6,27,-20,-4,147,-4,-19,6,-11,-11
2008/03/30,2,0,15,-3,1,-2,7,19,-18,-8,137,-3,-21,0,-9,-9
2008/04/06,10,3,21,7,4,0,9,19,-21,-3,153,-3,-20,-2,-8,-11
2008/04/13,5,1,13,5,3,-4,6,27,-19,-3,174,-6,-21,3,-5,-11
2008/04/20,4,-10,10,2,1,-4,7,24,-20,1,342,-5,-19,11,-8,-16
2008/04/27,4,-4,6,2,3,-5,7,23,-20,-2,358,-9,-20,6,-5,-16
2008/05/04,2,-12,8,2,4,-7,6,19,-18,-2,347,-10,-20,6,-9,-18
2008/05/11,1,-12,8,10,-1,-8,6,23,-17,1,426,-9,-16,6,-8,-20
2008/05/18,1,-17,10,5,-3,-6,10,27,-16,4,416,-6,-15,14,-9,-18
2008/05/25,2,-17,8,2,0,-2,12,27,-19,7,389,1,-13,17,-8,-20
2008/06/01,6,-12,15,10,7,-4,16,20,-12,6,421,-6,-8,10,-3,-14
2008/06/08,2,-13,8,14,1,-7,15,19,-16,3,411,-8,-14,10,-6,-14
2008/06/15,7,-10,11,9,5,-2,21,29,-13,6,395,-1,-6,13,-6,-7
2008/06/22,7,-13,8,9,8,-5,20,29,-18,3,337,-3,-8,13,-2,-7
2008/06/29,0,-20,3,-3,3,-6,15,26,-19,1,284,-5,-8,6,-9,-7
2008/07/06,12,3,10,9,9,0,23,30,-12,3,263,-3,-7,8,-2,0
2008/07/13,9,13,8,10,4,-4,14,30,-13,1,216,-3,-6,3,-6,-5
2008/07/20,5,-4,8,9,8,-6,17,27,-16,1,211,-1,-12,5,-2,2
2008/07/27,7,-10,8,9,17,-2,16,27,-13,2,168,1,-7,3,-6,-2
2008/08/03,4,-13,8,7,11,-7,11,27,-15,-3,147,-4,-11,0,-6,0
2008/08/10,0,-19,6,-2,3,-11,7,23,-18,-4,158,-4,-14,0,-8,-5
2008/08/17,-1,-19,8,5,1,-8,2,21,-17,-2,111,-4,-13,-2,-6,-2
2008/08/24,-4,-22,6,12,1,-11,1,24,-16,-6,95,-9,-14,-2,-6,-5
2008/08/31,-7,-26,-4,10,-5,-18,-4,11,-17,-1,84,-5,-22,-5,-6,-2
2008/09/07,-7,1,4,12,-5,-18,-9,9,-17,-10,105,-11,-24,-11,2,-2
2008/09/14,-9,0,-3,24,-4,-20,-14,19,-11,-10,168,-15,-26,-11,5,-2
2008/09/21,-10,-3,-4,2,-3,-20,-11,11,-21,-12,95,-15,-26,-11,0,-5
2008/09/28,-9,0,1,5,-1,-23,-10,13,-15,-12,79,-15,-24,-14,-3,0
2008/10/05,-10,-1,3,-7,-5,-27,-14,9,-19,-12,74,-16,-28,-16,-2,2
2008/10/12,-16,-16,0,-10,-15,-27,-16,10,-21,-16,53,-18,-31,-17,-5,9
2008/10/19,-15,-19,11,-10,-11,-29,-17,6,-20,-17,47,-13,-32,-16,-5,7
2008/10/26,-20,-17,11,-12,-11,-33,-22,4,-22,-17,37,-20,-34,-22,-8,2
2008/11/02,-21,-30,1,-16,-17,-34,-23,1,-25,-21,32,-23,-35,-24,-6,5
2008/11/09,-16,-22,-6,-14,-12,-29,-19,10,-22,-17,37,-20,-34,-17,-2,11
2008/11/16,-23,-26,-10,-16,-15,-36,-23,11,-25,-14,53,-22,-36,-14,-3,30
2008/11/23,-27,-28,-21,-33,-28,-40,-30,9,-35,-13,32,-20,-39,-16,-27,7
2008/11/30,-20,-6,-7,-16,-13,-39,-21,14,-21,-18,47,-22,-34,-21,-8,34
2008/12/07,-22,-13,-7,-17,-16,-39,-25,6,-28,-17,32,-20,-40,-21,-14,23
2008/12/14,-12,36,-8,-14,-20,-40,-27,17,-29,-18,16,-16,-40,-19,-20,16
2008/12/21,-26,-6,-25,-33,-39,-43,-28,11,-36,-14,5,-8,-40,-16,-38,16
2008/12/28,-6,12,-6,-14,-24,-27,-2,36,-20,-6,5,-8,-21,0,-20,39
2009/01/04,7,30,3,2,-3,-14,7,24,-7,-10,11,-6,-20,-6,9,66
2009/01/11,2,25,0,-2,-7,-18,2,21,-11,-10,63,-6,-27,-5,8,50
2009/01/18,-2,6,-1,-7,-13,-19,2,20,-16,-12,21,-1,-31,-5,8,43
2009/01/25,-1,12,7,28,-5,-19,0,19,-12,-11,26,-1,-27,-5,8,52
2009/02/01,-2,12,4,12,-5,-20,-2,14,-13,-12,63,-5,-27,-6,9,52
2009/02/08,-4,9,3,3,-8,-23,-5,13,-19,-10,42,-5,-31,-8,2,43
2009/02/15,1,17,3,3,-12,-18,-1,23,-16,-8,47,-3,-28,-2,3,52
2009/02/22,2,13,7,2,-7,-17,-2,20,-16,-10,37,-5,-26,-6,0,52
2009/03/01,1,14,4,2,-3,-19,2,17,-13,-11,32,-5,-25,-10,3,50
2009/03/08,1,7,3,0,-9,-17,-1,20,-16,-7,37,-1,-26,-6,5,45
2009/03/15,0,26,3,-5,-11,-18,-5,21,-16,-8,42,-6,-25,-6,2,41
2009/03/22,5,28,6,0,-11,-16,1,20,-20,-6,74,-5,-26,-3,2,36
2009/03/29,4,19,14,3,-3,-13,0,23,-20,-4,68,-4,-24,-8,0,45
2009/04/05,2,14,7,-3,-8,-16,0,16,-19,-6,58,-5,-21,-10,-12,39
2009/04/12,2,12,6,2,-7,-16,-1,19,-18,-9,53,-9,-27,-8,0,41
2009/04/19,-1,1,0,2,-9,-14,-2,19,-18,-4,63,-8,-28,-8,0,34
2009/04/26,-4,-6,3,2,-5,-16,1,19,-20,-8,42,-10,-27,-8,-3,30
2009/05/03,-4,-9,0,-2,-5,-16,1,9,-20,-9,37,-11,-27,-8,0,30
2009/05/10,-4,-7,1,3,-7,-13,4,20,-20,-3,42,-5,-25,0,0,34
2009/05/17,0,-12,0,0,-7,-14,4,24,-19,-2,74,-5,-22,3,-3,36
2009/05/24,1,-10,3,-2,-8,-13,12,19,-22,-2,53,6,-24,3,-3,36
2009/05/31,1,-4,4,7,0,-14,10,19,-17,-3,53,0,-15,2,3,41
2009/06/07,1,-4,3,3,-3,-12,9,14,-19,-2,58,-1,-19,3,2,36
2009/06/14,1,-9,3,7,-3,-14,11,20,-13,0,42,3,-16,8,0,43
2009/06/21,1,-13,1,5,0,-14,10,20,-17,-2,42,0,-15,8,-3,45
2009/06/28,-4,-16,-7,2,-3,-17,11,14,-13,-1,26,0,-14,5,-3,41
2009/07/05,5,-12,1,10,1,-13,19,21,-13,0,32,11,-11,5,2,55
2009/07/12,4,-12,0,7,1,-16,19,23,-15,-2,32,5,-14,10,2,52
2009/07/19,-1,-16,-1,5,1,-16,14,23,-16,1,37,3,-16,21,-2,48
2009/07/26,-1,-14,1,5,1,-16,15,29,-11,7,53,4,-11,54,2,43
2009/08/02,1,-12,0,12,1,-18,14,30,-10,8,63,4,-11,59,-2,55
2009/08/09,-2,-12,1,7,-1,-19,5,26,-11,4,189,3,-13,33,2,48
2009/08/16,-5,-19,3,5,-4,-19,1,27,-11,0,53,-1,-16,27,0,41
2009/08/23,-9,-19,1,-2,-4,-23,-2,19,-15,-7,21,-1,-18,5,0,48
2009/08/30,-11,-22,4,0,-4,-27,-5,10,-16,-7,16,-10,-13,-8,-2,43
2009/09/06,-16,-29,-10,-7,-12,-27,-14,1,-20,-11,11,-5,-29,-8,-6,39
2009/09/13,-15,-23,-7,-5,-12,-30,-16,6,-20,-13,21,-11,-29,-14,-2,39
2009/09/20,-16,-26,-8,-5,-11,-29,-15,4,-21,-13,21,-10,-31,-10,0,45
2009/09/27,-15,-25,-10,-7,-8,-34,-15,-1,-21,-12,16,-15,-31,-14,-3,39
2009/10/04,-18,-26,-8,-10,-15,-35,-20,-6,-25,-18,16,-16,-33,-19,0,52
2009/10/11,-21,-28,-12,-9,-16,-35,-20,1,-24,-16,11,-16,-36,-14,-3,41
2009/10/18,-21,-30,-17,-9,-15,-36,-22,-1,-21,-17,21,-22,-38,-17,-2,39
2009/10/25,-22,-28,-12,-7,-15,-36,-23,-3,-24,-20,26,-22,-38,-19,-5,36
2009/11/01,-20,-23,-7,-5,-11,-36,-19,-4,-22,-17,32,-19,-38,-17,-5,59
2009/11/08,-21,-30,-17,-9,-19,-36,-21,-3,-28,-17,16,-24,-38,-19,-6,55
2009/11/15,-26,-36,-19,-14,-17,-41,-25,-3,-27,-19,16,-24,-38,-22,-9,34
2009/11/22,-33,-46,-31,-31,-35,-41,-31,-6,-38,-18,0,-25,-42,-21,-26,23
2009/11/29,-28,-35,-15,-14,-16,-43,-25,-3,-27,-20,11,-25,-36,-25,-11,39
2009/12/06,-32,-39,-21,-19,-23,-46,-28,-10,-31,-19,11,-23,-41,-25,-18,30
2009/12/13,-33,-42,-21,-19,-24,-47,-28,-3,-30,-17,16,-22,-40,-21,-21,32
2009/12/20,-39,-52,-33,-33,-35,-52,-33,-9,-40,-18,0,-14,-44,-21,-38,36
2009/12/27,-21,-38,-22,-17,-27,-37,-9,6,-27,-12,11,-11,-26,-6,-24,43
2010/01/03,-12,-32,-12,-5,-8,-31,0,7,-15,-13,11,-9,-24,-13,0,57
2010/01/10,-11,-28,-14,-2,-9,-30,4,4,-18,-16,21,-10,-29,-11,5,52
2010/01/17,-13,-30,-15,-7,-13,-29,1,3,-18,-13,11,-10,-32,-8,2,55
2010/01/24,-12,-25,-8,-2,-11,-30,1,6,-16,-9,21,-9,-31,-5,52,45
2010/01/31,-15,-26,-10,-7,-12,-31,-4,0,-20,-13,26,-14,-31,-3,11,45
2010/02/07,-18,-33,-12,-9,-15,-35,-11,-1,-25,-14,16,-11,-36,-10,0,34
2010/02/14,-13,-30,-11,-3,-13,-33,-5,7,-22,-12,16,-6,-31,-2,-2,41
2010/02/21,-12,-32,-7,-3,-11,-31,-4,4,-21,-11,11,-10,-29,-3,2,45
2010/02/28,-12,-29,-6,3,-8,-30,-1,6,-20,-11,16,-11,-27,-5,3,66
2010/03/07,-10,-28,-10,-3,-9,-28,-1,7,-21,-8,32,-8,-28,-2,5,45
2010/03/14,-13,-32,-11,0,-13,-29,-5,11,-21,-9,11,-13,-28,-3,2,43
2010/03/21,-10,-26,-7,-2,-8,-28,0,9,-21,-6,16,-13,-28,-2,8,41
2010/03/28,-12,-30,-6,-2,-8,-30,-4,7,-24,-9,26,-10,-24,-6,9,61
2010/04/04,-10,-32,-6,-5,-7,-29,1,4,-25,-10,16,-10,-26,-8,27,43
2010/04/11,-12,-28,-3,0,-9,-29,0,4,-26,-10,26,-14,-29,-8,12,57
2010/04/18,-15,-36,-14,-2,-13,-30,-4,-1,-25,-10,11,-16,-32,-8,9,34
2010/04/25,-12,-33,-12,-7,-5,-29,0,1,-22,-10,5,-9,-26,-11,9,27
2010/05/02,-17,-42,-17,-3,-9,-34,-1,-3,-25,-13,0,-14,-29,-13,9,30
2010/05/09,-15,-38,-17,0,-7,-31,1,4,-21,-11,-5,-14,-29,-6,11,25
2010/05/16,-13,-38,-14,2,-8,-33,1,9,-22,-9,-5,-10,-28,-6,12,25
2010/05/23,-15,-35,-17,-3,-5,-33,2,14,-22,-9,-5,-9,-24,-5,11,27
2010/05/30,-15,-42,-18,-3,-9,-31,9,3,-25,-7,-11,-3,-24,-10,8,32
2010/06/06,-12,-39,-17,3,-7,-31,9,3,-20,-8,-16,-6,-22,-8,12,39
2010/06/13,-15,-38,-17,3,-7,-33,9,7,-20,-9,-5,-6,-22,-6,9,48
2010/06/20,-9,-32,-17,5,-7,-27,12,9,-21,-7,-5,-5,-20,-3,9,68
2010/06/27,-10,-30,-18,5,-5,-28,10,4,-20,-9,5,-3,-18,-5,5,75
2010/07/04,-15,-38,-26,-9,-12,-35,7,3,-25,-10,-11,-4,-25,-3,0,57
2010/07/11,-12,-35,-24,-5,-12,-35,6,4,-19,-9,-5,-5,-24,-3,5,93
2010/07/18,-12,-36,-22,0,-13,-35,10,9,-21,-7,-11,-3,-24,-5,3,127
2010/07/25,-12,-35,-21,2,-5,-34,9,9,-19,-4,37,-3,-19,0,3,48
2010/08/01,-11,-33,-21,-2,-3,-34,7,3,-15,-4,-5,-1,-16,-2,3,32
2010/08/08,-12,-30,-24,-5,-11,-27,0,4,-18,-7,-16,-1,-21,-6,9,30
2010/08/15,-13,-29,-22,-5,-11,-33,1,11,-13,-6,-16,-5,-20,-3,3,23
2010/08/22,-16,-30,-19,-2,-11,-31,-4,6,-16,-7,-16,-6,-24,-5,5,23
2010/08/29,-21,-35,-24,-9,-13,-40,-7,1,-19,-10,-21,-11,-22,-8,2,18
2010/09/05,-24,-45,-31,-14,-20,-37,-15,-4,-26,-11,-21,-5,-31,-10,-2,18
2010/09/12,-27,-41,-24,-9,-17,-39,-17,1,-22,-11,-16,-13,-29,-11,6,18
2010/09/19,-27,-42,-28,-9,-19,-37,-14,-4,-22,-13,-16,-13,-32,-10,3,11
2010/09/26,-26,-41,-26,-9,-16,-40,-16,-6,-22,-13,-11,-1,-29,-13,0,14
2010/10/03,-26,-38,-26,-9,-19,-41,-20,-9,-25,-13,-11,-15,-31,-16,0,16
2010/10/10,-28,-35,-28,-14,-24,-43,-21,-9,-28,-16,0,-13,-35,-16,-3,16
2010/10/17,-27,-39,-26,-14,-21,-42,-22,-6,-26,-16,-5,-18,-34,-16,-2,14
2010/10/24,-28,-42,-25,-16,-21,-42,-23,-10,-25,-18,-11,-18,-38,-17,-3,9
2010/10/31,-29,-41,-19,-17,-20,-45,-22,-11,-28,-19,-11,-19,-35,-19,-2,16
2010/11/07,-29,-43,-29,-19,-24,-42,-22,-11,-30,-19,0,-23,-36,-21,3,18
2010/11/14,-32,-43,-28,-14,-24,-46,-25,-3,-29,-16,11,-20,-36,-17,0,23
2010/11/21,-43,-59,-44,-38,-41,-53,-33,-17,-40,-19,0,-22,-45,-19,-9,2
2010/11/28,-35,-51,-31,-19,-21,-49,-26,-7,-30,-20,5,-24,-36,-24,0,48
2010/12/05,-38,-51,-33,-22,-28,-51,-30,-16,-33,-20,-5,-24,-41,-24,-3,45
2010/12/12,-40,-54,-36,-21,-28,-53,-32,-13,-29,-19,0,-20,-44,-22,-8,45
2010/12/19,-44,-61,-39,-34,-40,-57,-36,-11,-38,-18,-11,-14,-44,-21,-18,23
2010/12/26,-32,-54,-36,-22,-33,-48,-14,-1,-31,-12,5,-8,-32,-5,-8,16
2011/01/02,-18,-45,-29,-10,-16,-37,2,-3,-20,-14,5,-14,-26,-11,3,55
2011/01/09,-24,-48,-28,-21,-21,-41,-6,-10,-25,-17,26,-9,-36,-14,0,39
2011/01/16,-23,-48,-31,-17,-23,-40,-6,-6,-24,-14,5,-10,-36,-10,2,43
2011/01/23,-21,-46,-25,5,-19,-39,-2,-4,-21,-11,11,-8,-33,-6,5,43
2011/01/30,-26,-46,-31,-5,-21,-41,-4,-7,-25,-16,0,-8,-35,-13,-3,32
2011/02/06,-24,-46,-31,-14,-23,-41,-7,-7,-24,-14,5,-14,-36,-10,2,32
2011/02/13,-27,-49,-31,-22,-27,-41,-10,-1,-27,-9,0,-13,-35,-5,-3,27
2011/02/20,-22,-48,-29,-21,-24,-39,-5,3,-26,-10,11,-13,-29,-2,0,23
2011/02/27,-22,-46,-28,-10,-17,-37,-4,-1,-24,-9,32,-13,-28,-6,27,25
2011/03/06,-23,-49,-31,-19,-23,-40,-6,-7,-28,-10,37,-13,-32,-8,15,20
2011/03/13,-23,-49,-29,-17,-23,-37,-7,0,-25,-10,21,-14,-28,-6,8,14
2011/03/20,-22,-49,-26,-16,-21,-37,-4,-1,-26,-10,16,-15,-31,-8,8,18
2011/03/27,-16,-48,-25,-16,-17,-36,-1,-4,-27,-10,16,-14,-28,-10,6,20
2011/04/03,-21,-49,-26,-12,-20,-36,-1,-3,-29,-12,11,-14,-31,-8,2,23
2011/04/10,-21,-46,-26,-10,-21,-35,-6,-4,-27,-9,26,-16,-33,-11,2,23
2011/04/17,-20,-51,-28,-16,-23,-33,-5,-6,-30,-8,37,-14,-32,-8,-5,16
2011/04/24,-21,-51,-29,-9,-19,-36,-5,-4,-28,-10,37,-19,-32,-8,-2,16
2011/05/01,-22,-54,-32,-16,-17,-40,-6,-13,-30,-12,26,-20,-36,-16,-2,14
2011/05/08,-20,-48,-31,-10,-16,-39,0,-4,-28,-9,16,-14,-32,-8,2,16
2011/05/15,-21,-52,-28,-12,-19,-36,-1,-3,-26,-9,0,-13,-33,-10,5,18
2011/05/22,-22,-54,-31,-2,-20,-39,0,-6,-29,-10,-5,-13,-29,-10,2,16
2011/05/29,-18,-52,-33,-10,-16,-35,9,-4,-26,-8,-5,-8,-27,-6,-5,18
2011/06/05,-17,-49,-31,-7,-13,-36,9,-4,-27,-9,-11,-11,-26,-8,3,23
2011/06/12,-16,-49,-29,-7,-16,-34,10,3,-24,-7,-11,-6,-24,-6,2,25
2011/06/19,-18,-52,-33,-5,-19,-33,6,0,-25,-8,-16,-8,-25,-8,2,20
2011/06/26,-16,-51,-26,-9,-13,-35,15,1,-24,-8,-21,-1,-18,-6,0,23
2011/07/03,-32,-70,-60,-62,-51,-42,-4,-23,-56,-12,-26,6,-54,-8,-2,27
